unique_id,stru_type,length,item,type,expected_rating,sentence
11,nonisl,short,1,test,,Who claimed that the chef burned the dish?
12,isl,short,1,test,,Who made the claim that the chef burned the dish?
13,nonisl,long,1,test,,What did the waiter claim that the chef burned?
14,isl,long,1,test,,What did the waiter make the claim that the chef burned?
21,nonisl,short,2,test,,Who claimed that the tenant repainted the room?
22,isl,short,2,test,,Who made the claim that the tenant repainted the room?
23,nonisl,long,2,test,,What did the landlord claim that the tenant repainted?
24,isl,long,2,test,,What did the landlord make the claim that the tenant repainted?
31,nonisl,short,3,test,,Who claimed that the gymnast practiced the routine?
32,isl,short,3,test,,Who made the claim that the gymnast practiced the routine?
33,nonisl,long,3,test,,What did the coach claim that the gymnast practiced?
34,isl,long,3,test,,What did the coach make the claim that the gymnast practiced?
41,nonisl,short,4,test,,Who claimed that the student read the book?
42,isl,short,4,test,,Who made the claim that the student read the book?
43,nonisl,long,4,test,,What did the teacher claim that the student read?
44,isl,long,4,test,,What did the teacher make the claim that the student read?
51,nonisl,short,5,test,,Who claimed that the assistant copied the file?
52,isl,short,5,test,,Who made the claim that the assistant copied the file?
53,nonisl,long,5,test,,What did the manager claim that the assistant copied?
54,isl,long,5,test,,What did the manager make the claim that the assistant copied?
61,nonisl,short,6,test,,Who claimed that the suspect stole the necklace?
62,isl,short,6,test,,Who made the claim that the suspect stole the necklace?
63,nonisl,long,6,test,,What did the detective claim that the suspect stole?
64,isl,long,6,test,,What did the detective make the claim that the suspect stole?
71,nonisl,short,7,test,,Who claimed that the police intercepted the shipment?
72,isl,short,7,test,,Who made the claim that the police intercepted the shipment?
73,nonisl,long,7,test,,What did the smuggler claim that the police intercepted?
74,isl,long,7,test,,What did the smuggler make the claim that the police intercepted?
81,nonisl,short,8,test,,Who claimed that the reporter plagiarized the article?
82,isl,short,8,test,,Who made the claim that the reporter plagiarized the article?
83,nonisl,long,8,test,,What did the editor claim that the reporter plagiarized?
84,isl,long,8,test,,What did the editor make the claim that the reporter plagiarized?
91,nonisl,short,9,test,,Who claimed that the general ordered the mission?
92,isl,short,9,test,,Who made the claim that the general ordered the mission?
93,nonisl,long,9,test,,What did the soldier claim that the general ordered?
94,isl,long,9,test,,What did the soldier make the claim that the general ordered?
101,nonisl,short,10,test,,Who claimed that the doctor prescribed the medicine?
102,isl,short,10,test,,Who made the claim that the doctor prescribed the medicine?
103,nonisl,long,10,test,,What did the nurse claim that the doctor prescribed?
104,isl,long,10,test,,What did the nurse make the claim that the doctor prescribed?
111,nonisl,short,11,test,,Who claimed that the babysitter washed the bottle?
112,isl,short,11,test,,Who made the claim that the babysitter washed the bottle?
113,nonisl,long,11,test,,What did the parent claim that the babysitter washed?
114,isl,long,11,test,,What did the parent make the claim that the babysitter washed?
121,nonisl,short,12,test,,Who claimed that the politician ignored the recommendation?
122,isl,short,12,test,,Who made the claim that the politician ignored the recommendation?
123,nonisl,long,12,test,,What did the scientist claim that the politician ignored?
124,isl,long,12,test,,What did the scientist make the claim that the politician ignored?
131,nonisl,short,13,test,,Who claimed that the judge overruled the case?
132,isl,short,13,test,,Who made the claim that the judge overruled the case?
133,nonisl,long,13,test,,What did the prosecutor claim that the judge overruled?
134,isl,long,13,test,,What did the prosecutor make the claim that the judge overruled?
141,nonisl,short,14,test,,Who claimed that the architect modified the blueprint?
142,isl,short,14,test,,Who made the claim that the architect modified the blueprint?
143,nonisl,long,14,test,,What did the carpenter claim that the architect modified?
144,isl,long,14,test,,What did the carpenter make the claim that the architect modified?
151,nonisl,short,15,test,,Who claimed that the patient contracted the disease?
152,isl,short,15,test,,Who made the claim that the patient contracted the disease?
153,nonisl,long,15,test,,What did the cardiologist claim that the patient contracted?
154,isl,long,15,test,,What did the cardiologist make the claim that the patient contracted?
161,nonisl,short,16,test,,Who claimed that the customer ordered the drink?
162,isl,short,16,test,,Who made the claim that the customer ordered the drink?
163,nonisl,long,16,test,,What did the bartender claim that the customer ordered?
164,isl,long,16,test,,What did the bartender make the claim that the customer ordered?
1001,,,1001,practice,1,"Promise to wash, Neal did the car."
1002,,,1002,practice,2,Ben is hopeful for everyone you do to attend.
1003,,,1003,practice,3,They consider a teacher of Chris geeky.
1004,,,1004,practice,4,The brother and sister that were playing all the time had to be sent to bed.
1005,,,1005,practice,5,All the men seem to have all eaten supper.
1006,,,1006,practice,6,The children were cared for by the adults and the teenagers.
1007,,,1007,practice,7,She was the winner.
1008,,,1008,practice,7,It seems to me that Robert can't be trusted.
1009,,,1009,practice,1,There might mice seem to be in the cupboard.
9111,,,9111,filler,1,John was kissed John.
9112,,,9112,filler,1,The money was stolen the money.
9113,,,9113,filler,1,The hedges were trimmed the hedges.
9114,,,9114,filler,1,Tommy was punished Tommy.
9121,,,9121,filler,1,Who was that the principal would fire expected by the reporters?
9122,,,9122,filler,1,What was that the movers would break feared by the family?
9123,,,9123,filler,1,Who was that Martians kidnapped believed by no one?
9124,,,9124,filler,1,Who is that the jail must release accepted by few citizens?
9211,,,9211,filler,2,To the neighbors about the noise the old man complained.
9212,,,9212,filler,2,To the professor about my grade I talked.
9213,,,9213,filler,2,With the generals about a new approach the President talked.
9214,,,9214,filler,2,At your spouse on the phone you shouldn't yell.
9311,,,9311,filler,3,John tried himself to win.
9312,,,9312,filler,3,William planned himself to write a novel.
9313,,,9313,filler,3,Linda remembered herself to pick-up the dry cleaning.
9314,,,9314,filler,3,Patricia agreed herself to host the party.
9321,,,9321,filler,3,Yesterday seemed that John left.
9322,,,9322,filler,3,Next week seems that Juan will be in town.
9323,,,9323,filler,3,Tomorrow seems that there will be a hurricane.
9324,,,9324,filler,3,Next week appears that the strikers will be back to work.
9411,,,9411,filler,4,"If frankly he's unable to cope, we'll have to replace him."
9412,,,9412,filler,4,"If Kelly might have time, she will do it."
9413,,,9413,filler,4,"If Grace probably passes the class, she will graduate on time."
9414,,,9414,filler,4,"If frankly you continue to argue, the boss will fire you."
9421,,,9421,filler,4,"Kathryn said that a picture of one of the founders is going to be posted at the end of the month, but I don't remember which she did."
9422,,,9422,filler,4,"Jamie mentioned that a scene from one of the films is going to be shown this Thursday, but I don't remember which she did."
9423,,,9423,filler,4,"Monica said she saw one of your videos on the internet, but I'm not sure which video she did."
9424,,,9424,filler,4,"Benjamin said he noticed a suspicious-looking man by the school, but I don't know which man he did."
9511,,,9511,filler,5,They all have left and they have all done so deliberately.
9512,,,9512,filler,5,They all have finished and they have all done so efficiently.
9513,,,9513,filler,5,They all have helped and they have all done so generously.
9514,,,9514,filler,5,They all have studied and they have all done so effectively.
9711,,,9711,filler,7,Kerry attempted to study physics.
9712,,,9712,filler,7,Brittany attempted to touch the porcupine.
9713,,,9713,filler,7,Vivian attempted to write stories.
9714,,,9714,filler,7,Tommy attempted to take a picture.
9721,,,9721,filler,7,I hate eating sushi.
9722,,,9722,filler,7,I like drinking milkshakes.
9723,,,9723,filler,7,I like taking vacations.
9724,,,9724,filler,7,I hate missing work.
171,nonisl,short,1,test,,Who claimed that the mechanic repaired the engine?
172,isl,short,1,test,,Who made the claim that the mechanic repaired the engine?
173,nonisl,long,1,test,,What did the supervisor claim that the mechanic repaired?
174,isl,long,1,test,,What did the supervisor make the claim that the mechanic repaired?
181,nonisl,short,2,test,,Who claimed that the musician composed the symphony?
182,isl,short,2,test,,Who made the claim that the musician composed the symphony?
183,nonisl,long,2,test,,What did the conductor claim that the musician composed?
184,isl,long,2,test,,What did the conductor make the claim that the musician composed?
191,nonisl,short,3,test,,Who claimed that the programmer tested the software?
192,isl,short,3,test,,Who made the claim that the programmer tested the software?
193,nonisl,long,3,test,,What did the analyst claim that the programmer tested?
194,isl,long,3,test,,What did the analyst make the claim that the programmer tested?
201,nonisl,short,4,test,,Who claimed that the gardener planted the flower?
202,isl,short,4,test,,Who made the claim that the gardener planted the flower?
203,nonisl,long,4,test,,What did the neighbor claim that the gardener planted?
204,isl,long,4,test,,What did the neighbor make the claim that the gardener planted?
211,nonisl,short,5,test,,Who claimed that the photographer edited the images?
212,isl,short,5,test,,Who made the claim that the photographer edited the images?
213,nonisl,long,5,test,,What did the client claim that the photographer edited?
214,isl,long,5,test,,What did the client make the claim that the photographer edited?
221,nonisl,short,6,test,,Who claimed that the electrician installed the switch?
222,isl,short,6,test,,Who made the claim that the electrician installed the switch?
223,nonisl,long,6,test,,What did the homeowner claim that the electrician installed?
224,isl,long,6,test,,What did the homeowner make the claim that the electrician installed?
231,nonisl,short,7,test,,Who claimed that the sculptor carved the statue?
232,isl,short,7,test,,Who made the claim that the sculptor carved the statue?
233,nonisl,long,7,test,,What did the curator claim that the sculptor carved?
234,isl,long,7,test,,What did the curator make the claim that the sculptor carved?
241,nonisl,short,8,test,,Who claimed that the tailor altered the jacket?
242,isl,short,8,test,,Who made the claim that the tailor altered the jacket?
243,nonisl,long,8,test,,What did the designer claim that the tailor altered?
244,isl,long,8,test,,What did the designer make the claim that the tailor altered?
251,nonisl,short,9,test,,Who claimed that the locksmith unlocked the safe?
252,isl,short,9,test,,Who made the claim that the locksmith unlocked the safe?
253,nonisl,long,9,test,,What did the lawyer claim that the locksmith unlocked?
254,isl,long,9,test,,What did the lawyer make the claim that the locksmith unlocked?
261,nonisl,short,10,test,,Who claimed that the librarian cataloged the manuscript?
262,isl,short,10,test,,Who made the claim that the librarian cataloged the manuscript?
263,nonisl,long,10,test,,What did the researcher claim that the librarian cataloged?
264,isl,long,10,test,,What did the researcher make the claim that the librarian cataloged?
271,nonisl,short,11,test,,Who claimed that the salesperson advertised the product?
272,isl,short,11,test,,Who made the claim that the salesperson advertised the product?
273,nonisl,long,11,test,,What did the shopper claim that the salesperson advertised?
274,isl,long,11,test,,What did the shopper make the claim that the salesperson advertised?
281,nonisl,short,12,test,,Who claimed that the janitor emptied the wastebasket?
282,isl,short,12,test,,Who made the claim that the janitor emptied the wastebasket?
283,nonisl,long,12,test,,What did the inspector claim that the janitor emptied?
284,isl,long,12,test,,What did the inspector make the claim that the janitor emptied?
291,nonisl,short,13,test,,Who claimed that the cashier processed the order?
292,isl,short,13,test,,Who made the claim that the cashier processed the order?
293,nonisl,long,13,test,,What did the accountant claim that the cashier processed?
294,isl,long,13,test,,What did the accountant make the claim that the cashier processed?
301,nonisl,short,14,test,,Who claimed that the drummer recorded the soundtrack?
302,isl,short,14,test,,Who made the claim that the drummer recorded the soundtrack?
303,nonisl,long,14,test,,What did the producer claim that the drummer recorded?
304,isl,long,14,test,,What did the producer make the claim that the drummer recorded?
311,nonisl,short,15,test,,Who claimed that the archivist digitized the record?
312,isl,short,15,test,,Who made the claim that the archivist digitized the record?
313,nonisl,long,15,test,,What did the historian claim that the archivist digitized?
314,isl,long,15,test,,What did the historian make the claim that the archivist digitized?
321,nonisl,short,16,test,,Who claimed that the vendor sold the fruit?
322,isl,short,16,test,,Who made the claim that the vendor sold the fruit?
323,nonisl,long,16,test,,What did the tourist claim that the vendor sold?
324,isl,long,16,test,,What did the tourist make the claim that the vendor sold?
9115,,,9115,filler,1,The book was read the book.
9116,,,9116,filler,1,The laundry was folded the laundry.
9117,,,9117,filler,1,Kelly was praised Kelly.
9118,,,9118,filler,1,Abigail was promoted Abigail.
9125,,,9125,filler,1,Who did that Mary was going out with bother you?
9126,,,9126,filler,1,Who was that John's mother would ground anticipated by Suzette?
9127,,,9127,filler,1,What was that the construction workers might uncover known by the bank robber?
9128,,,9128,filler,1,What was that the computer needed explained by the technician?
9215,,,9215,filler,2,To Mary for Bill I gave a book.
9216,,,9216,filler,2,On her parents for money Melanie relied.
9217,,,9217,filler,2,To their girlfriends in French the musicians sang.
9218,,,9218,filler,2,To the store on a bike Francois rode.
9315,,,9315,filler,3,Kelly attempted herself to run the marathon.
9316,,,9316,filler,3,Peter hoped himself to find a date.
9317,,,9317,filler,3,Alex started himself to study Karate.
9318,,,9318,filler,3,Cindy struggled herself to finish her homework.
9325,,,9325,filler,3,Friday appeared that Maude went home early.
9326,,,9326,filler,3,Monday appears that Juanita was running late.
9327,,,9327,filler,3,Tonight appears that Marjorie is staying over.
9328,,,9328,filler,3,Last week seemed that everyone was calling in sick.
9415,,,9415,filler,4,"If they luckily arrived on time, we will be saved."
9416,,,9416,filler,4,"If the students apparently can't follow the discussion, we'll cover a different chapter."
9417,,,9417,filler,4,"If George probably comes, the party will be a disaster."
9418,,,9418,filler,4,"If Lewis possibly finishes the report in time, the meeting will be a success."
9425,,,9425,filler,4,"Alan said that a poster of one of the models is going to be hung by the end of the day, but I don’t remember which he did."
9426,,,9426,filler,4,"Alex said that a recording of one of the songs is going to be played at the event, but I don’t remember which he did. "
9427,,,9427,filler,4,"Melissa said she read about one of Shakespeare's plays, but I don’t know which play she did."
9428,,,9428,filler,4,"Oliver said he read about an interesting Supreme Court case, but I don’t know which case he did. "
9515,,,9515,filler,5,They all have eaten and they have all done so quickly.
9516,,,9516,filler,5,They all have practiced and they have all done so regularly.
9517,,,9517,filler,5,They all have spoken and they have all done so eloquently.
9518,,,9518,filler,5,They all have listened and they have all done so intently.
9715,,,9715,filler,7,Jimmy attempted to weave a basket.
9716,,,9716,filler,7,Frank attempted to eat a triple fudge sundae.
9717,,,9717,filler,7,Kat attempted to collect her mail.
9718,,,9718,filler,7,Phillip attempted to watch a movie.
9725,,,9725,filler,7,I prefer lifting weights.
9726,,,9726,filler,7,I tried collecting coins.
9727,,,9727,filler,7,I tried running marathons.
9728,,,9728,filler,7,I prefer playing tennis.
